Relative Path,File Type,Bytes,Audience,Release Control,SHA-256
00_Start_Here/DAVID_READY_TO_SEND_EMAIL.txt,.txt,1266,Administrative,Start Here / package control,2d12ec3265a694856394606827ced88c608ed93192d15f0b9d57c583ea8f58d1
00_Start_Here/INITIAL_RELEASE_VERIFICATION_SUMMARY.txt,.txt,807,Administrative,Start Here / package control,3a68b6b880ed043b7195cafc13fb716208e7056e65c0591cf090342fe829c4ed
00_Start_Here/PACKAGE_CONTENTS_AND_LMS_RULES.txt,.txt,791,Administrative,Start Here / package control,fc4c003eae78c49ad81917a84b9ecbe033bf1a00b2650c973b55acee46fefa90
00_Start_Here/README_FIRST.txt,.txt,587,Administrative,Start Here / package control,b874f6f41c371194392b3178ff61e2d2c801b3b1560b4b6fc193321ab04a2110
01_Student_Workbooks/CTA_LPCC_WB10_Multicultural_Developmental_Career_Spiritual_Disability_and_Context_Responsive_Counseling_Student_Workbook_v1.0.docx,.docx,1041545,Learner,Visible in workbook sequence,bf52e9f674d6c2e50fd1e6cae8134239e7bfd404ab90c6a601946874deb75b6f
01_Student_Workbooks/CTA_LPCC_WB11_Individual_Group_Couple_Family_Referral_Continuity_and_Interdisciplinary_Collaboration_Student_Workbook_v1.0.docx,.docx,1033895,Learner,Visible in workbook sequence,b2bde2887b63c913f40afebe07e62cb47e240e926e81899fc3218aa39d8b8345
01_Student_Workbooks/CTA_LPCC_WB12_California_Legal_Ethical_Documentation_Technology_and_Professional_Practice_Student_Workbook_v1.0.docx,.docx,1032886,Learner,Visible in workbook sequence,b588a1508ae34206a82cb75a3a586efed73dfb646acfe45f583cc278f2a94d7a
01_Student_Workbooks/CTA_LPCC_WB1_NCMHCE_Case_Study_Strategy_and_Applied_Clinical_Counselor_Reasoning_Student_Workbook_v1.0.docx,.docx,1043487,Learner,Visible in workbook sequence,34b5f0b9fa90c4593edde24a73c50116478aee0b437b00f534e3235282d8b1d0
01_Student_Workbooks/CTA_LPCC_WB2_Professional_Identity_California_Scope_Competence_and_Counselor_Self_Awareness_Student_Workbook_v1.0.docx,.docx,1042848,Learner,Visible in workbook sequence,cf7bbfbba03724a7809e9c8e9c5de3657e46c726b058b431ffc8bc936a819a92
01_Student_Workbooks/CTA_LPCC_WB3_Intake_Informed_Consent_Clinical_Interviewing_MSE_and_Biopsychosocial_Cultural_Assessment_Student_Workbook_v1.0.docx,.docx,1042108,Learner,Visible in workbook sequence,8efd8a9359920c4231d84f174036a8cc032cfa4be0bd2263ee18dcdc02386565
01_Student_Workbooks/CTA_LPCC_WB4_Crisis_Trauma_Abuse_Violence_and_Level_of_Care_Decisions_Student_Workbook_v1.0.docx,.docx,1039728,Learner,Visible in workbook sequence,cc9a069c87efad09616e74b99ada9ed438595e2e83282145c1ee5793d6b514db
01_Student_Workbooks/CTA_LPCC_WB5_Diagnosis_and_Differential_Diagnosis_I_Mood_Anxiety_Trauma_OCD_and_Psychotic_Disorders_Student_Workbook_v1.0.docx,.docx,1039176,Learner,Visible in workbook sequence,12026c1885dd852947677e4e2bf5d5cd435cf6599db6a6e20bf98db02779ab48
01_Student_Workbooks/CTA_LPCC_WB6_Diagnosis_and_Differential_Diagnosis_II_Substance_Use_Personality_Neurodevelopmental_Eating_Sleep_Somatic_Medical_and_Co-Occurring_Conditions_Student_Workbook_v1.0.docx,.docx,1040606,Learner,Visible in workbook sequence,bb0084c5a220e7290d0aef7bda5975d723123b2f84e49982f2e195172213ea98
01_Student_Workbooks/CTA_LPCC_WB7_Case_Conceptualization_Treatment_Planning_Measurement_Progress_and_Termination_Student_Workbook_v1.0.docx,.docx,1041330,Learner,Visible in workbook sequence,deced99df8d7564d601c21408bdcd0e08246f1bece12b7adaf9bcaf3e98694f9
01_Student_Workbooks/CTA_LPCC_WB8_Counseling_Theories_Therapeutic_Alliance_and_Core_Counseling_Skills_Student_Workbook_v1.0.docx,.docx,1039455,Learner,Visible in workbook sequence,b9a3d181d07b4761c212b7113714892eba733cac7c3e73ffc5777afe3e2067cd
01_Student_Workbooks/CTA_LPCC_WB9_Evidence_Based_and_Evidence_Informed_Interventions_Across_Common_Presenting_Concerns_Student_Workbook_v1.0.docx,.docx,1042981,Learner,Visible in workbook sequence,047f97d6cdb52330c2cda09a65d8f95af6afa660614ea77c9c5333ca50357be1
02_Workbook_Practice_Banks/WB01/CTA_LPCC_WB1_17_Question_Practice_Bank_Answer_Rationales_v1.0.docx,.docx,1028942,Controlled learner release,Hidden until candidate-bank submission,51f90cf9022d52df8f5c89a6fc04f65823a46fbce5d5c00e3f1073497918f2ee
02_Workbook_Practice_Banks/WB01/CTA_LPCC_WB1_17_Question_Practice_Bank_Candidate_Form_v1.0.docx,.docx,1021672,Learner,Release after matching workbook completion,5193647e68bff9d25c193ca3fab410ef529709eb4fa9e1fc85863c860e278d5e
02_Workbook_Practice_Banks/WB01/RELEASE_CONTROL.txt,.txt,144,Administrative,Release-control instruction,15b930ee4269f2c250940b1ff69bcc8ab9d7173d5ff05820d99bb0bfa3e3d724
02_Workbook_Practice_Banks/WB02/CTA_LPCC_WB2_17_Question_Practice_Bank_Answer_Rationales_v1.0.docx,.docx,1028794,Controlled learner release,Hidden until candidate-bank submission,cc556549f0d30f6769bbd6d3d8f4c527720e6fd3d39b3336dcbde184d841de96
02_Workbook_Practice_Banks/WB02/CTA_LPCC_WB2_17_Question_Practice_Bank_Candidate_Form_v1.0.docx,.docx,1021705,Learner,Release after matching workbook completion,92d1bc62a3e9ca101d24a40d816660d2386ab7370e5f513c36e7d800121938f5
02_Workbook_Practice_Banks/WB02/RELEASE_CONTROL.txt,.txt,144,Administrative,Release-control instruction,15b930ee4269f2c250940b1ff69bcc8ab9d7173d5ff05820d99bb0bfa3e3d724
02_Workbook_Practice_Banks/WB03/CTA_LPCC_WB3_17_Question_Practice_Bank_Answer_Rationales_v1.0.docx,.docx,1029076,Controlled learner release,Hidden until candidate-bank submission,03acfd93f15957ebf3466751e4319d84f7a85d08e7e2763e4f84856c1a395538
02_Workbook_Practice_Banks/WB03/CTA_LPCC_WB3_17_Question_Practice_Bank_Candidate_Form_v1.0.docx,.docx,1021713,Learner,Release after matching workbook completion,6c39c1971fb77dc06080608fb59bb374577c8747c6e0a6d1198c4f1dc1e9283a
02_Workbook_Practice_Banks/WB03/RELEASE_CONTROL.txt,.txt,144,Administrative,Release-control instruction,15b930ee4269f2c250940b1ff69bcc8ab9d7173d5ff05820d99bb0bfa3e3d724
02_Workbook_Practice_Banks/WB04/CTA_LPCC_WB4_17_Question_Practice_Bank_Answer_Rationales_v1.0.docx,.docx,1029020,Controlled learner release,Hidden until candidate-bank submission,3a6a7d6a8c79734c25399e9b1af4a05c008ed1894ffae1f1671c1dbe2b882fda
02_Workbook_Practice_Banks/WB04/CTA_LPCC_WB4_17_Question_Practice_Bank_Candidate_Form_v1.0.docx,.docx,1021917,Learner,Release after matching workbook completion,ab2ae3b9dd747ce91c58c41c2ab1781a867517a98057a90830310f2bd5803525
02_Workbook_Practice_Banks/WB04/RELEASE_CONTROL.txt,.txt,144,Administrative,Release-control instruction,15b930ee4269f2c250940b1ff69bcc8ab9d7173d5ff05820d99bb0bfa3e3d724
02_Workbook_Practice_Banks/WB05/CTA_LPCC_WB5_17_Question_Practice_Bank_Answer_Rationales_v1.0.docx,.docx,1028485,Controlled learner release,Hidden until candidate-bank submission,394940518c3bbab67faf5b57394837a28bb51ab741c131bc8475cebfeedc2421
02_Workbook_Practice_Banks/WB05/CTA_LPCC_WB5_17_Question_Practice_Bank_Candidate_Form_v1.0.docx,.docx,1021329,Learner,Release after matching workbook completion,d262e3e4376ffb50d196e6b609d785eed5bcdb3fb2844784c6786988cfd539df
02_Workbook_Practice_Banks/WB05/RELEASE_CONTROL.txt,.txt,144,Administrative,Release-control instruction,15b930ee4269f2c250940b1ff69bcc8ab9d7173d5ff05820d99bb0bfa3e3d724
02_Workbook_Practice_Banks/WB06/CTA_LPCC_WB6_17_Question_Practice_Bank_Answer_Rationales_v1.0.docx,.docx,1030138,Controlled learner release,Hidden until candidate-bank submission,abadab698fe48d86fc01ba9535768ba06d2ff6db330b5f2c6022a148134b47e8
02_Workbook_Practice_Banks/WB06/CTA_LPCC_WB6_17_Question_Practice_Bank_Candidate_Form_v1.0.docx,.docx,1021732,Learner,Release after matching workbook completion,43c1e4cd55bbf9082ab88720fcf65f178185abe7e654f8780c7a70661a7662ec
02_Workbook_Practice_Banks/WB06/RELEASE_CONTROL.txt,.txt,144,Administrative,Release-control instruction,15b930ee4269f2c250940b1ff69bcc8ab9d7173d5ff05820d99bb0bfa3e3d724
02_Workbook_Practice_Banks/WB07/CTA_LPCC_WB7_17_Question_Practice_Bank_Answer_Rationales_v1.0.docx,.docx,1029408,Controlled learner release,Hidden until candidate-bank submission,820a80b4599833a1dc097212ce21e442015b966ec3d5a723b2c55d47e43961aa
02_Workbook_Practice_Banks/WB07/CTA_LPCC_WB7_17_Question_Practice_Bank_Candidate_Form_v1.0.docx,.docx,1021134,Learner,Release after matching workbook completion,aae5470e2ca98b979c436db05129c4b831023e225f295edef28a1eaa01ea113a
02_Workbook_Practice_Banks/WB07/RELEASE_CONTROL.txt,.txt,144,Administrative,Release-control instruction,15b930ee4269f2c250940b1ff69bcc8ab9d7173d5ff05820d99bb0bfa3e3d724
02_Workbook_Practice_Banks/WB08/CTA_LPCC_WB8_17_Question_Practice_Bank_Answer_Rationales_v1.0.docx,.docx,1029775,Controlled learner release,Hidden until candidate-bank submission,e442eb00702c30e83ba0e71860c9a9c2ccfc587cf762a5be8017c37b1dce9ef8
02_Workbook_Practice_Banks/WB08/CTA_LPCC_WB8_17_Question_Practice_Bank_Candidate_Form_v1.0.docx,.docx,1021352,Learner,Release after matching workbook completion,b116a04793ea8b9ebe7954c53456e06ea82d29d2adf1d25a35677f36231bcba6
02_Workbook_Practice_Banks/WB08/RELEASE_CONTROL.txt,.txt,144,Administrative,Release-control instruction,15b930ee4269f2c250940b1ff69bcc8ab9d7173d5ff05820d99bb0bfa3e3d724
02_Workbook_Practice_Banks/WB09/CTA_LPCC_WB9_17_Question_Practice_Bank_Answer_Rationales_v1.0.docx,.docx,1030013,Controlled learner release,Hidden until candidate-bank submission,200861ac9c8fd983465e9c144cbe608b9b44d3396d84f6cc59b872b783cc3922
02_Workbook_Practice_Banks/WB09/CTA_LPCC_WB9_17_Question_Practice_Bank_Candidate_Form_v1.0.docx,.docx,1021808,Learner,Release after matching workbook completion,1b6af75a62bae6ca20e3e778fcd4a928f01a8918edacee685deeaac73dedf376
02_Workbook_Practice_Banks/WB09/RELEASE_CONTROL.txt,.txt,144,Administrative,Release-control instruction,15b930ee4269f2c250940b1ff69bcc8ab9d7173d5ff05820d99bb0bfa3e3d724
02_Workbook_Practice_Banks/WB10/CTA_LPCC_WB10_17_Question_Practice_Bank_Answer_Rationales_v1.0.docx,.docx,1031574,Controlled learner release,Hidden until candidate-bank submission,4ff1f25f8bc6034dab39e163bd83571df1ccbb26d956d015cc106459665c3bfe
02_Workbook_Practice_Banks/WB10/CTA_LPCC_WB10_17_Question_Practice_Bank_Candidate_Form_v1.0.docx,.docx,1022761,Learner,Release after matching workbook completion,0373a7943cd34c04f810433be6d1e89095d9063be3a8f02dfb6f32aacb89f1cc
02_Workbook_Practice_Banks/WB10/RELEASE_CONTROL.txt,.txt,144,Administrative,Release-control instruction,15b930ee4269f2c250940b1ff69bcc8ab9d7173d5ff05820d99bb0bfa3e3d724
02_Workbook_Practice_Banks/WB11/CTA_LPCC_WB11_17_Question_Practice_Bank_Answer_Rationales_v1.0.docx,.docx,1030929,Controlled learner release,Hidden until candidate-bank submission,1f6eaaebeeb96defba7b716b651861a399ffc0c5e818b6f13c454f152f96a1eb
02_Workbook_Practice_Banks/WB11/CTA_LPCC_WB11_17_Question_Practice_Bank_Candidate_Form_v1.0.docx,.docx,1022082,Learner,Release after matching workbook completion,1416f9c9aa9f0b51c103fe4a8ed53e0c68f1b3ac71023ea38b52f954b47994fa
02_Workbook_Practice_Banks/WB11/RELEASE_CONTROL.txt,.txt,144,Administrative,Release-control instruction,15b930ee4269f2c250940b1ff69bcc8ab9d7173d5ff05820d99bb0bfa3e3d724
02_Workbook_Practice_Banks/WB12/CTA_LPCC_WB12_17_Question_Practice_Bank_Answer_Rationales_v1.0.docx,.docx,1030311,Controlled learner release,Hidden until candidate-bank submission,80d0cc9d565d1eb1deff4482f4660c22f4324bdea9ec60338f343623a36e4583
02_Workbook_Practice_Banks/WB12/CTA_LPCC_WB12_17_Question_Practice_Bank_Candidate_Form_v1.0.docx,.docx,1021933,Learner,Release after matching workbook completion,2552c0acec9571ae744b02e97066663504e75b90b48a68dc27578d889d8e0862
02_Workbook_Practice_Banks/WB12/RELEASE_CONTROL.txt,.txt,144,Administrative,Release-control instruction,15b930ee4269f2c250940b1ff69bcc8ab9d7173d5ff05820d99bb0bfa3e3d724
03_Cumulative_Checkpoints/Checkpoint_1/CTA_LPCC_Checkpoint_1_WB1-4_39-Question_Cumulative_Assessment_Answer_Rationales_v1.0.docx,.docx,1043933,Controlled learner release,Hidden until checkpoint submission,796d04e004581fc6f34c22bf93b278afba4f4ad884a1da0e6b71b7dc0418a422
03_Cumulative_Checkpoints/Checkpoint_1/CTA_LPCC_Checkpoint_1_WB1-4_39-Question_Cumulative_Assessment_Candidate_Form_v1.0.docx,.docx,1027615,Learner,Release at approved checkpoint gate,8777c468aec04d7ee060e23b4f0b79c6d5709327546a9464f087814a83b1bd04
03_Cumulative_Checkpoints/Checkpoint_1/RELEASE_CONTROL.txt,.txt,129,Administrative,Release-control instruction,9420a434bd752841206b9d7d7cf56de76290c155f91dba55b6f1d76dccea3695
03_Cumulative_Checkpoints/Checkpoint_2/CTA_LPCC_Checkpoint_2_WB1-8_52-Question_Cumulative_Assessment_Answer_Rationales_v1.0.docx,.docx,1041991,Controlled learner release,Hidden until checkpoint submission,d4b2c9e472c226e4cfd53392fe692768b4899a5eea000649171a711ddf833d64
03_Cumulative_Checkpoints/Checkpoint_2/CTA_LPCC_Checkpoint_2_WB1-8_52-Question_Cumulative_Assessment_Candidate_Form_v1.0.docx,.docx,1030008,Learner,Release at approved checkpoint gate,a6593ef13de7e04f06e0b1c149f2b75a966d5e14dd677d479f5f17ea997787a6
03_Cumulative_Checkpoints/Checkpoint_2/RELEASE_CONTROL.txt,.txt,129,Administrative,Release-control instruction,a202eecdf3bfa93e81ddebe402f53548c13ff0c67ebf3e232c588629d3ebb34c
03_Cumulative_Checkpoints/Checkpoint_3/CTA_LPCC_Checkpoint_3_WB1-12_65-Question_Cumulative_Assessment_Answer_Rationales_v1.0.docx,.docx,321355,Controlled learner release,Hidden until checkpoint submission,5c31dd477fe7191b343eb5a417be05419ab8a1dc38bb4104da00ad996f212b7b
03_Cumulative_Checkpoints/Checkpoint_3/CTA_LPCC_Checkpoint_3_WB1-12_65-Question_Cumulative_Assessment_Candidate_Form_v1.0.docx,.docx,308297,Learner,Release at approved checkpoint gate,38e1119448239d1440e308405ecfdeb957c884b21e8e1ccb3e8e150f947030d7
03_Cumulative_Checkpoints/Checkpoint_3/RELEASE_CONTROL.txt,.txt,129,Administrative,Release-control instruction,c5e0490e2fcdaf6e0ac4dec13c702c56601d8559a3dd792397f99b62e8501a66
04_Comprehensive_Simulations/Form_A/CTA_LPCC_Comprehensive_Simulation_Form_A_143_Question_Answer_Rationales_v1.0.docx,.docx,136025,Controlled learner release,Hidden until complete simulation submission,494f3e27e2a57e180753013bce890a83a501fc5e63e31af201c59f535af4f0d7
04_Comprehensive_Simulations/Form_A/CTA_LPCC_Comprehensive_Simulation_Form_A_143_Question_Candidate_Exam_v1.0.docx,.docx,141011,Learner,Timed release at approved simulation gate,60a12c1a4c5a5ef092a383b02fa3ce0ff65991b54cacb29f9237a9427656486a
04_Comprehensive_Simulations/Form_A/RELEASE_CONTROL.txt,.txt,129,Administrative,Release-control instruction,3ac67d9ced7d936be86c8e97678cf0d25ed9b4d183a613bcafffa084c2818b91
04_Comprehensive_Simulations/Form_A_Remediation/CTA_LPCC_Form_A_Remediation_Workbook_v1.0.docx,.docx,136101,Learner,Required after Form A and before Form B,13e2c97ab7501dc60b2f1dbfcf00497087c9105cd5fddc9eacbd1d9e95f342aa
04_Comprehensive_Simulations/Form_A_Remediation/RELEASE_CONTROL.txt,.txt,66,Administrative,Release-control instruction,ce872026034a63e83b421b25ea214079063cee5ab3f6051f0d037aed36a64b12
04_Comprehensive_Simulations/Form_B/CTA_LPCC_Comprehensive_Simulation_Form_B_143_Question_Answer_Rationales_v1.0.docx,.docx,142253,Controlled learner release,Hidden until complete simulation submission,28ad7861876016b068cc22c3905642b12604a642dc4e916aaa14f6c1be78f385
04_Comprehensive_Simulations/Form_B/CTA_LPCC_Comprehensive_Simulation_Form_B_143_Question_Candidate_Exam_v1.0.docx,.docx,145144,Learner,Timed release at approved simulation gate,b68e63f0b7b3d55288b703a387d8279b352c300c74f2e41a30f87dd3a8ba465c
04_Comprehensive_Simulations/Form_B/RELEASE_CONTROL.txt,.txt,166,Administrative,Release-control instruction,8ba0a702f1dd3c3a77b1e27f1f0c2d28c9ae2ece157bad3b1585a974c2b9b63b
05_Flashcards_and_Study_Tools/CTA_LPCC_Clinical_Exam_Preparation_Flashcard_Collection_v1.0.docx,.docx,53373,Learner,Visible in approved resource library or Start Here,f3d38e0983731f6cbb56f1155c9b95890dc72f5f6ae5e6aa2805acf9f44fc79b
05_Flashcards_and_Study_Tools/CTA_LPCC_Readiness_Self_Assessment_and_Progress_Tracker_v1.0.docx,.docx,136320,Learner,Visible in approved resource library or Start Here,0263b25ef251ef9b2f0d4a2136332b70526d9d72da2e51f876815943003b1e69
06_Quick_References_and_Downloadables/CTA_LPCC_Quick_Reference_and_Rapid_Review_Library_v1.0.docx,.docx,55460,Learner,Visible in approved resource library or Start Here,11b67ee8260d599d2273ff5d25a671a3443185bb851a9e758b6a87e5801d0017
07_Student_Support_and_Study_Schedules/CTA_LPCC_Student_FAQ_and_Self_Service_Support_Guide_v1.0.docx,.docx,135709,Learner,Visible in approved resource library or Start Here,e38573fd1fc10808f633303cff986a8525b23cfaead76b453ad87d8d7ff2054a
07_Student_Support_and_Study_Schedules/CTA_LPCC_Student_Start_Here_Roadmap_and_10_14_18_Week_Study_Schedules_v1.0.docx,.docx,133014,Learner,Visible in approved resource library or Start Here,2a3a0677027ca641aa8d721b9b61aa91f2701770e3edc79bb956036988bbaabd
08_Unrecorded_Production_Assets_DO_NOT_PUBLISH/CTA_LPCC_Clinical_Exam_Preparation_Audio_Review_Collection_SCRIPT_ONLY_v1.0.docx,.docx,55617,Internal production,Do not publish or advertise; no playable media at launch,fd2f96eb8d7caede4d74e382a6ca47c33f4b01e8a651afc0b0461d3d5a65377f
08_Unrecorded_Production_Assets_DO_NOT_PUBLISH/README_DO_NOT_PUBLISH.txt,.txt,265,Internal production,Do not publish or advertise; no playable media at launch,6615c8c40eda63bd5c8975f694d1c527f8c0f88c56c90561391a59787be45d48
09_Website_and_LMS_Implementation/Branding/CTA_Stacked_Logo.png,.png,249878,Implementation,David / CTA implementation use,26ea1774a1b7a4a1b1cfee5abc0c87034125421ce2b7486ae1f4094a5cd9d375
09_Website_and_LMS_Implementation/Branding/Primary Logo (Final).jpg,.jpg,91123,Implementation,David / CTA implementation use,c5278af53d8aeb8e51c073c66f20907b67597a5e2e4b749246039792c4962744
09_Website_and_LMS_Implementation/CTA_LPCC_LMS_Implementation_and_Release_Control_Guide_v1.0.docx,.docx,132340,Implementation,David / CTA implementation use,8ccf5fdabef8a51a81199003fa1c095778414bfa1cfd69ad16bab2f4c1c3c4e6
09_Website_and_LMS_Implementation/CTA_LPCC_NCMHCE_David_Complete_LMS_and_Website_Release_Package_v1.0.docx,.docx,130557,Implementation,David / CTA implementation use,52b896ea2579ef0c5d42cb2437fc4b4b71fb0677559a81dbea01b340fbf5d192
90_Admin_Restricted/Assessment_Synchronization/ASSESSMENT_SYNCHRONIZATION_SUMMARY.txt,.txt,603,Restricted administrative,Never student-visible,318c1b0c5b40b06c701acc221779f62d681f5399281039f21f3427dda3566192
90_Admin_Restricted/Assessment_Synchronization/CTA_LPCC_Assessment_Pair_Synchronization_Audit_v1.0.json,.json,21877,Restricted administrative,Never student-visible,afd3dd19da350808c3585297498519204e9646a338da12c56de37af1dd4da2c5
90_Admin_Restricted/Assessment_Synchronization/CTA_LPCC_DOCX_Integrity_Audit_v1.0.json,.json,17640,Restricted administrative,Never student-visible,d7601b1634eb740d7bb50bcd9fb8b363e694301bee28085ff529e61f2eb1343f
90_Admin_Restricted/Assessment_Synchronization/PACKAGE_INTEGRITY_SUMMARY.txt,.txt,337,Restricted administrative,Never student-visible,eb66e6a3363349df6bc8170fda8d9687d106b56c53210399d0c450481d61490b
90_Admin_Restricted/Blueprints_and_Crosswalks/CTA_LPCC_Exam_Preparation_Research_and_12_Workbook_Curriculum_Map_v1.0.docx,.docx,66759,Restricted administrative,Never student-visible,9de14d74420168874eedda7e8a5e3c51eed6ef6866051e5274b4e1fbfc33f9ee
90_Admin_Restricted/Blueprints_and_Crosswalks/CTA_LPCC_Master_Blueprint_Crosswalk_and_Content_Control_Matrix_v1.0.docx,.docx,819332,Restricted administrative,Never student-visible,0fbb3c9b34b66cbe05e41233ac36addc47d78ba36363419ae104a50d52f69050
90_Admin_Restricted/Official_Source_Reference/OFFICIAL_SOURCE_LINKS_AND_CURRENCY_CONTROL.txt,.txt,1608,Restricted administrative,Never student-visible,ef489fca3105ea01ce9071f3925b44cf6dd1bc1eb36aa086765b0465683704cc
90_Admin_Restricted/Program_Audit_and_Source_Control/CTA_LPCC_NCMHCE_2027_Update_Register_v1.0.docx,.docx,126351,Restricted administrative,Never student-visible,b9c01baaeab5ed390e46bd753ef3dd4410b7e397dfc462b5cdd4874428e4a8dc
90_Admin_Restricted/Program_Audit_and_Source_Control/CTA_LPCC_NCMHCE_Final_Publication_Readiness_Audit_and_Approval_Record_v1.0.docx,.docx,128105,Restricted administrative,Never student-visible,1d4831a2596de5cbaf66d9f419c929078ecd2d950dbb1f03cefa454f71c487b7
99_Archive_Superseded_Do_Not_Publish/Prepublication_Audits_and_Drafts/CTA_LPCC_LMS_Implementation_and_Release_Control_Guide_PRE_RECONCILIATION_v1.0.docx,.docx,132082,Archive,Do not publish,6ac0cbd72d644735d4d30664e88d15197d564fa20d65ae833e887129c5ad6eca
99_Archive_Superseded_Do_Not_Publish/Prepublication_Audits_and_Drafts/CTA_LPCC_NCMHCE_Final_Publication_Readiness_Audit_PRE_RECONCILIATION_v1.0.docx,.docx,128653,Archive,Do not publish,f9f3ce39566540793fdc81f3e239929f7b71b05faadb2964f64e34b2f8bc4a9b
99_Archive_Superseded_Do_Not_Publish/Prepublication_Audits_and_Drafts/CTA_LPCC_NCMHCE_Prepublication_Master_Index_and_Gap_Report_HISTORICAL_v1.0.docx,.docx,130307,Archive,Do not publish,b4c4f1d53847192a81668fb60109fe8f5951b922b7b9ae5d34137f97c86ead43
