relative_path,filename,audience,release_rule,bytes,sha256
00_Start_Here/CURRENT_MEDIA_STATUS_NO_RECORDED_AUDIO_OR_VIDEO.txt,CURRENT_MEDIA_STATUS_NO_RECORDED_AUDIO_OR_VIDEO.txt,Implementation,Read first,728,d900573e11727ab40d5f8fc9f263a76dd271d9f02240dee3999ae4073aebea18
00_Start_Here/DAVID_READY_TO_SEND_EMAIL.txt,DAVID_READY_TO_SEND_EMAIL.txt,Implementation,Read first,1071,68702de6a9f6f30dfe65d7435e507008d8d9a3360a671469796aaed1900cd569
00_Start_Here/LMS_BUILD_ORDER.txt,LMS_BUILD_ORDER.txt,Implementation,Read first,755,d57bdb0f3a98890f734e8d152719aa62f0530f43689b29b96d2c9b03a08a32d7
00_Start_Here/PACKAGE_VERIFICATION_SUMMARY.txt,PACKAGE_VERIFICATION_SUMMARY.txt,Implementation,Read first,1347,03ad6f1189bff89225e62b5aae123ce748083d2bbb717f823c82bd6c698b288c
00_Start_Here/README_FIRST.txt,README_FIRST.txt,Implementation,Read first,2568,e3e4bf5edca273c77f461faa6bdd7bde95bdfc2deccbd0c4c459923fec62213a
01_Student_Workbooks/WB01/CTA_LMFT_WB1_Exam_Strategy_and_Clinical_Reasoning_Student_Workbook_v1.0.docx,CTA_LMFT_WB1_Exam_Strategy_and_Clinical_Reasoning_Student_Workbook_v1.0.docx,Student,Release sequentially during the program,303361,515f3ec0c329b65cabab7da93f61c86759a46f5f6f9652cc0277eae818c91bd9
01_Student_Workbooks/WB02/CTA_LMFT_WB2_Clinical_Engagement_Intake_and_Mental_Status_Assessment_Student_Workbook_v1.0.docx,CTA_LMFT_WB2_Clinical_Engagement_Intake_and_Mental_Status_Assessment_Student_Workbook_v1.0.docx,Student,Release sequentially during the program,1025771,7f315a8abd6f34dc0c19f633fe7393801b06ff5b81b9fea39a1cd2a9e2c5d201
01_Student_Workbooks/WB03/CTA_LMFT_WB3_Developmental_Psychosocial_and_Diversity_Assessment_Student_Workbook_v1.0.docx,CTA_LMFT_WB3_Developmental_Psychosocial_and_Diversity_Assessment_Student_Workbook_v1.0.docx,Student,Release sequentially during the program,1025485,f3bc0e90200749cfda2e0fd9aa6a7bf72709c6a1692451e92558ae877765c891
01_Student_Workbooks/WB04/CTA_LMFT_WB4_Relational_Family_System_Trauma_and_Strengths_Assessment_Student_Workbook_v1.0.docx,CTA_LMFT_WB4_Relational_Family_System_Trauma_and_Strengths_Assessment_Student_Workbook_v1.0.docx,Student,Release sequentially during the program,1024191,5e8e00936a8fa015bec6035cd35f5a12adb3d0c6d08ca07e29a689697a082c56
01_Student_Workbooks/WB05/CTA_LMFT_WB5_Diagnosis_and_Differential_Diagnosis_Student_Workbook_v1.0.docx,CTA_LMFT_WB5_Diagnosis_and_Differential_Diagnosis_Student_Workbook_v1.0.docx,Student,Release sequentially during the program,1025213,e17bc609a065b18c4fd88708458705d34ec9762c34d5777c124d57f87268e497
01_Student_Workbooks/WB06/CTA_LMFT_WB6_Crisis_Abuse_and_Safety_Student_Workbook_v1.0.docx,CTA_LMFT_WB6_Crisis_Abuse_and_Safety_Student_Workbook_v1.0.docx,Student,Release sequentially during the program,1026832,21205ae5cebd460caccceb6018c02d8050d22869fb52392f74d4ccadccbb6f7f
01_Student_Workbooks/WB07/CTA_LMFT_WB7_Planning_Progress_and_Termination_Student_Workbook_v1.0.docx,CTA_LMFT_WB7_Planning_Progress_and_Termination_Student_Workbook_v1.0.docx,Student,Release sequentially during the program,1025771,570d98e8936442c53dbcffdce329ad29af7edb604b2222572df014cd2ed5cb0a
01_Student_Workbooks/WB08/CTA_LMFT_WB8_Family_Couple_Attachment_and_Relational_Interventions_Student_Workbook_v1.0.docx,CTA_LMFT_WB8_Family_Couple_Attachment_and_Relational_Interventions_Student_Workbook_v1.0.docx,Student,Release sequentially during the program,1026692,ccaa723a4ceea26a52d655931bf30731e9763aab7bf909336a41abcee115074f
01_Student_Workbooks/WB09/CTA_LMFT_WB9_Trauma_Psychological_Behavioral_and_Recovery_Interventions_Student_Workbook_v1.0.docx,CTA_LMFT_WB9_Trauma_Psychological_Behavioral_and_Recovery_Interventions_Student_Workbook_v1.0.docx,Student,Release sequentially during the program,1027494,bb9b65953535813881c065d5de258b8356dbcf79d372d1d00e6a2622e3820794
01_Student_Workbooks/WB10/CTA_LMFT_WB10_Developmental_Cultural_and_Contextual_Interventions_Student_Workbook_v1.0.docx,CTA_LMFT_WB10_Developmental_Cultural_and_Contextual_Interventions_Student_Workbook_v1.0.docx,Student,Release sequentially during the program,1026541,d79adc938268477b47789e9ffde332b66f74b980cb5e79afec6c171e608401a1
01_Student_Workbooks/WB11/CTA_LMFT_WB11_Theory_Groups_Referral_and_Interdisciplinary_Collaboration_Student_Workbook_v1.0.docx,CTA_LMFT_WB11_Theory_Groups_Referral_and_Interdisciplinary_Collaboration_Student_Workbook_v1.0.docx,Student,Release sequentially during the program,1027255,cb09f84070cfccd9153b7eb481b9dd4ef7d6ea502dac8f20bfe747123060d842
01_Student_Workbooks/WB12/CTA_LMFT_WB12_California_Legal_Ethical_and_Professional_Practice_Student_Workbook_v1.0.docx,CTA_LMFT_WB12_California_Legal_Ethical_and_Professional_Practice_Student_Workbook_v1.0.docx,Student,Release sequentially during the program,1026206,86c73b8b1c39982d14765ae0ab9956ecd383b3ae8ec5382a25dcfd5fb3e39686
02_Workbook_Question_Banks/WB01/CTA_LMFT_WB1_17_Question_Bank_v1.0.docx,CTA_LMFT_WB1_17_Question_Bank_v1.0.docx,Student,Release after the matching workbook is completed,301632,e142fee54c1870017114df7bfdea3daa80a39ba20f1586ec3c0a43978c4219fc
02_Workbook_Question_Banks/WB02/CTA_LMFT_WB2_17_Question_Bank_v1.0.docx,CTA_LMFT_WB2_17_Question_Bank_v1.0.docx,Student,Release after the matching workbook is completed,301041,2a234c54318e205a42807ec0125be1bdb8214eecdf88ced01439deaa19a7fb6f
02_Workbook_Question_Banks/WB03/CTA_LMFT_WB3_17_Question_Bank_v1.0.docx,CTA_LMFT_WB3_17_Question_Bank_v1.0.docx,Student,Release after the matching workbook is completed,301033,0155de9ce18f25b925244db95cd2538ff7e5396e7b8bf4efd7c045e0f80202d1
02_Workbook_Question_Banks/WB04/CTA_LMFT_WB4_17_Question_Bank_v1.0.docx,CTA_LMFT_WB4_17_Question_Bank_v1.0.docx,Student,Release after the matching workbook is completed,301718,ba5ec5abfc586df5d9e7090c7dff792e3adbe557377a4d0621fc91d717ffe0e0
02_Workbook_Question_Banks/WB05/CTA_LMFT_WB5_17_Question_Bank_v1.0.docx,CTA_LMFT_WB5_17_Question_Bank_v1.0.docx,Student,Release after the matching workbook is completed,302209,eb2a41635815164f3dd59a97e4b2c26a9c62385d5cbe47f2b5da187406d21639
02_Workbook_Question_Banks/WB06/CTA_LMFT_WB6_17_Question_Bank_v1.0.docx,CTA_LMFT_WB6_17_Question_Bank_v1.0.docx,Student,Release after the matching workbook is completed,302353,83cc0509fc8865530e3685d6fcf96c83e79fea427524244d1e89ffebb13c070f
02_Workbook_Question_Banks/WB07/CTA_LMFT_WB7_17_Question_Bank_v1.0.docx,CTA_LMFT_WB7_17_Question_Bank_v1.0.docx,Student,Release after the matching workbook is completed,48519,e25f62c61bdaca5c7a26736e253554849e5efcfb12f3440087dc8e9d37e8cc57
02_Workbook_Question_Banks/WB08/CTA_LMFT_WB8_17_Question_Bank_v1.0.docx,CTA_LMFT_WB8_17_Question_Bank_v1.0.docx,Student,Release after the matching workbook is completed,48655,594e1f671eda8a249ea9c392c30d1069d47eca46f7e3ded26551055b24a635b1
02_Workbook_Question_Banks/WB09/CTA_LMFT_WB9_17_Question_Bank_v1.0.docx,CTA_LMFT_WB9_17_Question_Bank_v1.0.docx,Student,Release after the matching workbook is completed,48632,ff2bcd99dde9ff3d559e3c3e94fcdb04c16a9a1ec4541bc2fa851c7e07906ab6
02_Workbook_Question_Banks/WB10/CTA_LMFT_WB10_17_Question_Bank_v1.0.docx,CTA_LMFT_WB10_17_Question_Bank_v1.0.docx,Student,Release after the matching workbook is completed,48925,e4d09870eff82772b5b7c883aee3302304e4ea15e321a43cbd76a3093f2fe69b
02_Workbook_Question_Banks/WB11/CTA_LMFT_WB11_17_Question_Bank_v1.0.docx,CTA_LMFT_WB11_17_Question_Bank_v1.0.docx,Student,Release after the matching workbook is completed,51303,1ce5276093b48c37ef9ad3c7035bd2c8dc2dcd193834c4dd78ccce5b9139eb33
02_Workbook_Question_Banks/WB12/CTA_LMFT_WB12_17_Question_Bank_v1.0.docx,CTA_LMFT_WB12_17_Question_Bank_v1.0.docx,Student,Release after the matching workbook is completed,51182,6ce02683d8b44cf8da5d0d1aa88918c8d10f05c6073430a02076aa19ceb85fa8
03_Comprehensive_Simulations/Form_A/01_Student_Exam/CTA_LMFT_Comprehensive_Simulation_Form_A_150_Question_Exam_v1.0.docx,CTA_LMFT_Comprehensive_Simulation_Form_A_150_Question_Exam_v1.0.docx,Student,Release at scheduled Form A simulation,69826,147cc80cb5c3d1bf0fce1bee17006b5362f7b21be425f21ac996aac16f49332a
03_Comprehensive_Simulations/Form_A/02_Controlled_Release_After_Submission/CTA_LMFT_Comprehensive_Simulation_Form_A_Answer_Key_and_Detailed_Rationales_v1.0.docx,CTA_LMFT_Comprehensive_Simulation_Form_A_Answer_Key_and_Detailed_Rationales_v1.0.docx,Controlled student release,Keep hidden until Form A is submitted,122576,cea8ca4d7aac6d77309441a47ba2aec931355503c3af95341fed96fccce72e0a
03_Comprehensive_Simulations/Form_B/01_Student_Exam/CTA_LMFT_Comprehensive_Simulation_Form_B_150_Question_Exam_v1.0.docx,CTA_LMFT_Comprehensive_Simulation_Form_B_150_Question_Exam_v1.0.docx,Student,Release after Form A remediation,71479,50d59b4c5411079a6b9d58b27bb78363dcdd4eadf73741aa9245fdd380222eeb
03_Comprehensive_Simulations/Form_B/02_Controlled_Release_After_Submission/CTA_LMFT_Comprehensive_Simulation_Form_B_Answer_Key_and_Detailed_Rationales_v1.0.docx,CTA_LMFT_Comprehensive_Simulation_Form_B_Answer_Key_and_Detailed_Rationales_v1.0.docx,Controlled student release,Keep hidden until Form B is submitted,124407,9150c26eb854cbc904e4b3ac4842b0f4e15705b1172a196fc410ec0245f32b30
04_Flashcards_Quick_References_and_Study_Tools/CTA_LMFT_Clinical_Exam_Preparation_Flashcard_Collection_v1.0.docx,CTA_LMFT_Clinical_Exam_Preparation_Flashcard_Collection_v1.0.docx,Student,Available during enrollment; printable study tool,51940,5cbfa40599f3417578b6e5d424315dcb1d5edef266f01e2c6d2c744541c94fd9
04_Flashcards_Quick_References_and_Study_Tools/CTA_LMFT_Quick_Reference_Sheet_Collection_v1.0.docx,CTA_LMFT_Quick_Reference_Sheet_Collection_v1.0.docx,Student,Available during enrollment or by module,49034,2e3abebb2bed7a7cc1094528f76ab1124ca688074948d4de77d50a1439f4a775
04_Flashcards_Quick_References_and_Study_Tools/CTA_LMFT_Readiness_Self_Assessment_and_Progress_Tracker_v1.0.docx,CTA_LMFT_Readiness_Self_Assessment_and_Progress_Tracker_v1.0.docx,Student,Available at enrollment and throughout program,53906,88516b35875fda5a9d71b98618cdbc9b385af64b1a9d83818b2cc6b3067adf2f
05_Student_Support_and_Study_Schedules/CTA_LMFT_Student_FAQ_and_Self_Service_Support_Guide_v1.0.docx,CTA_LMFT_Student_FAQ_and_Self_Service_Support_Guide_v1.0.docx,Student,Available at enrollment,50704,6d67ee59e1e63a68ecc3a4fcb5b106d97e4e6a8b502feaa6f9e039a80753fdc6
05_Student_Support_and_Study_Schedules/CTA_LMFT_Student_Roadmap_and_10_14_18_Week_Study_Schedules_v1.0.docx,CTA_LMFT_Student_Roadmap_and_10_14_18_Week_Study_Schedules_v1.0.docx,Student,Available at enrollment,45318,43936cd7f2150f93f7f4a78c7b428514cc6dc95c85cd6c07d5c1e9c442382515
06_Companion_Lesson_Scripts_and_Decks_UNRECORDED_DO_NOT_PUBLISH/Audio_Review_Recording_Scripts/CTA_LMFT_Clinical_Exam_Preparation_Audio_Review_Collection_v1.0.docx,CTA_LMFT_Clinical_Exam_Preparation_Audio_Review_Collection_v1.0.docx,Production asset,Recording-ready scripts only; no MP3 files exist,53804,a90eaa1d2d18a153f6fcef5816e57113b5d2d1afa0293717466143f7b857bbb0
06_Companion_Lesson_Scripts_and_Decks_UNRECORDED_DO_NOT_PUBLISH/LMFT_Strategy_Lessons/CTA_LMFT_Multimedia_Deck_01_Thinking_Relationally_and_Systemically_v1.0.pptx,CTA_LMFT_Multimedia_Deck_01_Thinking_Relationally_and_Systemically_v1.0.pptx,Production asset,No recording exists; do not publish or advertise as audio/video,355449,15b0847a0c8ed3abb00baf9d3bbe22e684188f24f01ba7d021744adf1c57cfc3
06_Companion_Lesson_Scripts_and_Decks_UNRECORDED_DO_NOT_PUBLISH/LMFT_Strategy_Lessons/CTA_LMFT_Multimedia_Deck_02_Clinical_Evaluation_and_the_Mental_Status_Examination_v1.0.pptx,CTA_LMFT_Multimedia_Deck_02_Clinical_Evaluation_and_the_Mental_Status_Examination_v1.0.pptx,Production asset,No recording exists; do not publish or advertise as audio/video,359301,bf1c36b15f946dab8b2633c1407db5b4304ee4755228e28bb04d2e01f6fdad99
06_Companion_Lesson_Scripts_and_Decks_UNRECORDED_DO_NOT_PUBLISH/LMFT_Strategy_Lessons/CTA_LMFT_Multimedia_Deck_03_Diagnosis_and_Differential_Diagnosis_v1.0.pptx,CTA_LMFT_Multimedia_Deck_03_Diagnosis_and_Differential_Diagnosis_v1.0.pptx,Production asset,No recording exists; do not publish or advertise as audio/video,359257,cf5cfc9fa4af7ed41e38dad4357aa31f94fd4dddd5fd4601cfd518e81f803e63
06_Companion_Lesson_Scripts_and_Decks_UNRECORDED_DO_NOT_PUBLISH/LMFT_Strategy_Lessons/CTA_LMFT_Multimedia_Deck_04_Crisis_and_Safety_Sequencing_v1.0.pptx,CTA_LMFT_Multimedia_Deck_04_Crisis_and_Safety_Sequencing_v1.0.pptx,Production asset,No recording exists; do not publish or advertise as audio/video,357214,da1af11f741e6508fca24ff99c734621499c68412ed27336f912a9859fc9f0fe
06_Companion_Lesson_Scripts_and_Decks_UNRECORDED_DO_NOT_PUBLISH/LMFT_Strategy_Lessons/CTA_LMFT_Multimedia_Deck_05_Case_Conceptualization_and_Treatment_Planning_v1.0.pptx,CTA_LMFT_Multimedia_Deck_05_Case_Conceptualization_and_Treatment_Planning_v1.0.pptx,Production asset,No recording exists; do not publish or advertise as audio/video,361632,a6f18a38b53ee1e0d3d61336e41a2b3def1f171d42a27ec86c89d8cd332a4855
06_Companion_Lesson_Scripts_and_Decks_UNRECORDED_DO_NOT_PUBLISH/LMFT_Strategy_Lessons/CTA_LMFT_Multimedia_Deck_06_Selecting_Individual_Couple_Family_and_Group_Interventions_v1.0.pptx,CTA_LMFT_Multimedia_Deck_06_Selecting_Individual_Couple_Family_and_Group_Interventions_v1.0.pptx,Production asset,No recording exists; do not publish or advertise as audio/video,367575,a6da7adfddc0ce3ac75a68c7ee0cb3a16df33d6abf61a739f8640f60ef822437
06_Companion_Lesson_Scripts_and_Decks_UNRECORDED_DO_NOT_PUBLISH/LMFT_Strategy_Lessons/CTA_LMFT_Multimedia_Deck_07_California_Legal_and_Ethical_Reasoning_v1.0.pptx,CTA_LMFT_Multimedia_Deck_07_California_Legal_and_Ethical_Reasoning_v1.0.pptx,Production asset,No recording exists; do not publish or advertise as audio/video,363095,2ae88c3207489c33511536498c345fd3a815e1880dddff07320600a48d12aca6
06_Companion_Lesson_Scripts_and_Decks_UNRECORDED_DO_NOT_PUBLISH/LMFT_Strategy_Lessons/CTA_LMFT_Multimedia_Script_01_Thinking_Relationally_and_Systemically_v1.0.docx,CTA_LMFT_Multimedia_Script_01_Thinking_Relationally_and_Systemically_v1.0.docx,Production asset,No recording exists; do not publish or advertise as audio/video,766112,a4e046ce6c5e593c79dee004e02c1475d86cfb6dc485dd10893ed9c24b28327e
06_Companion_Lesson_Scripts_and_Decks_UNRECORDED_DO_NOT_PUBLISH/LMFT_Strategy_Lessons/CTA_LMFT_Multimedia_Script_02_Clinical_Evaluation_and_the_Mental_Status_Examination_v1.0.docx,CTA_LMFT_Multimedia_Script_02_Clinical_Evaluation_and_the_Mental_Status_Examination_v1.0.docx,Production asset,No recording exists; do not publish or advertise as audio/video,766159,449f2e1fbcb756307c9a79fca025f4c48eb27e77c80c1f1777741365eb7aa614
06_Companion_Lesson_Scripts_and_Decks_UNRECORDED_DO_NOT_PUBLISH/LMFT_Strategy_Lessons/CTA_LMFT_Multimedia_Script_03_Diagnosis_and_Differential_Diagnosis_v1.0.docx,CTA_LMFT_Multimedia_Script_03_Diagnosis_and_Differential_Diagnosis_v1.0.docx,Production asset,No recording exists; do not publish or advertise as audio/video,765905,c1fac02cc5c6f14bc5a4dd8088dd3d9a8b413c854e52c49e75f809116e10f495
06_Companion_Lesson_Scripts_and_Decks_UNRECORDED_DO_NOT_PUBLISH/LMFT_Strategy_Lessons/CTA_LMFT_Multimedia_Script_04_Crisis_and_Safety_Sequencing_v1.0.docx,CTA_LMFT_Multimedia_Script_04_Crisis_and_Safety_Sequencing_v1.0.docx,Production asset,No recording exists; do not publish or advertise as audio/video,766025,4af343f4685bee67cbaa8408a4027165048ba96ef86ea878977f04021bd38589
06_Companion_Lesson_Scripts_and_Decks_UNRECORDED_DO_NOT_PUBLISH/LMFT_Strategy_Lessons/CTA_LMFT_Multimedia_Script_05_Case_Conceptualization_and_Treatment_Planning_v1.0.docx,CTA_LMFT_Multimedia_Script_05_Case_Conceptualization_and_Treatment_Planning_v1.0.docx,Production asset,No recording exists; do not publish or advertise as audio/video,765913,899539ebbde3332e7d111cc73d5d94b50a9912cc076ca826395b70c4bfd0b46e
06_Companion_Lesson_Scripts_and_Decks_UNRECORDED_DO_NOT_PUBLISH/LMFT_Strategy_Lessons/CTA_LMFT_Multimedia_Script_06_Selecting_Individual_Couple_Family_and_Group_Interventions_v1.0.docx,CTA_LMFT_Multimedia_Script_06_Selecting_Individual_Couple_Family_and_Group_Interventions_v1.0.docx,Production asset,No recording exists; do not publish or advertise as audio/video,765901,342d9fcd23d9fa5edaeabe003f68c4bff956ecce677b562b2ad5ff686af60cb2
06_Companion_Lesson_Scripts_and_Decks_UNRECORDED_DO_NOT_PUBLISH/LMFT_Strategy_Lessons/CTA_LMFT_Multimedia_Script_07_California_Legal_and_Ethical_Reasoning_v1.0.docx,CTA_LMFT_Multimedia_Script_07_California_Legal_and_Ethical_Reasoning_v1.0.docx,Production asset,No recording exists; do not publish or advertise as audio/video,766202,a19888b6f32548e6279b38cedeebf66c526b4b2ea4c1627ec961f71ee223a409
06_Companion_Lesson_Scripts_and_Decks_UNRECORDED_DO_NOT_PUBLISH/README_DO_NOT_PUBLISH.txt,README_DO_NOT_PUBLISH.txt,Production asset,Do not publish,241,9a9297b0278f3c9c04007b364bb575b7d414a2400da1a3b3837f81a2c78aaad4
06_Companion_Lesson_Scripts_and_Decks_UNRECORDED_DO_NOT_PUBLISH/Shared_Strategy_Lessons/CTA_Shared_Multimedia_Deck_01_Welcome_to_the_CTA_Exam_Success_System_v1.0.pptx,CTA_Shared_Multimedia_Deck_01_Welcome_to_the_CTA_Exam_Success_System_v1.0.pptx,Production asset,No recording exists; do not publish or advertise as audio/video,5910828,a48699e81989b0a12f38c474f0cc6880f59049ae699cba5494881f480f9d2824
06_Companion_Lesson_Scripts_and_Decks_UNRECORDED_DO_NOT_PUBLISH/Shared_Strategy_Lessons/CTA_Shared_Multimedia_Deck_02_How_to_Use_the_12_Workbooks_and_Question_Banks_v1.0.pptx,CTA_Shared_Multimedia_Deck_02_How_to_Use_the_12_Workbooks_and_Question_Banks_v1.0.pptx,Production asset,No recording exists; do not publish or advertise as audio/video,10312628,8ea678e198d373d484f23d9bdf9f59d75201f4be05a81664779b6833c2e7645d
06_Companion_Lesson_Scripts_and_Decks_UNRECORDED_DO_NOT_PUBLISH/Shared_Strategy_Lessons/CTA_Shared_Multimedia_Deck_03_FIRST_NEXT_BEST_MOST_Appropriate_Questions_v1.0.pptx,CTA_Shared_Multimedia_Deck_03_FIRST_NEXT_BEST_MOST_Appropriate_Questions_v1.0.pptx,Production asset,No recording exists; do not publish or advertise as audio/video,11770629,4ce087424148c37721fe1768086862b75608c523b244bb38436c2e3d3b7b2993
"06_Companion_Lesson_Scripts_and_Decks_UNRECORDED_DO_NOT_PUBLISH/Shared_Strategy_Lessons/CTA_Shared_Multimedia_Deck_04_Assessment,_Intervention,_Evaluation,_and_Follow-Up_v1.0.pptx","CTA_Shared_Multimedia_Deck_04_Assessment,_Intervention,_Evaluation,_and_Follow-Up_v1.0.pptx",Production asset,No recording exists; do not publish or advertise as audio/video,369982,73115d84cd5f5e1d273751b7631d2e8377e90ca6f1e164af7594db05098a6ccf
06_Companion_Lesson_Scripts_and_Decks_UNRECORDED_DO_NOT_PUBLISH/Shared_Strategy_Lessons/CTA_Shared_Multimedia_Deck_05_How_to_Eliminate_Plausible_but_Premature_Answers_v1.0.pptx,CTA_Shared_Multimedia_Deck_05_How_to_Eliminate_Plausible_but_Premature_Answers_v1.0.pptx,Production asset,No recording exists; do not publish or advertise as audio/video,360983,2bb277c8c802750f64cbb150697305a163118d7afb9d64475c7e750e81394d98
06_Companion_Lesson_Scripts_and_Decks_UNRECORDED_DO_NOT_PUBLISH/Shared_Strategy_Lessons/CTA_Shared_Multimedia_Deck_06_How_to_Use_Rationales_and_Build_an_Error_Log_v1.0.pptx,CTA_Shared_Multimedia_Deck_06_How_to_Use_Rationales_and_Build_an_Error_Log_v1.0.pptx,Production asset,No recording exists; do not publish or advertise as audio/video,395795,5375c3f4ea9d8d187e34c9d9d28f5b84e5654233d2db68e0d1ef80d0bc98ed6e
06_Companion_Lesson_Scripts_and_Decks_UNRECORDED_DO_NOT_PUBLISH/Shared_Strategy_Lessons/CTA_Shared_Multimedia_Deck_07_How_to_Take_Forms_A_and_B_Under_Simulated_Conditions_v1.0.pptx,CTA_Shared_Multimedia_Deck_07_How_to_Take_Forms_A_and_B_Under_Simulated_Conditions_v1.0.pptx,Production asset,No recording exists; do not publish or advertise as audio/video,394982,698d697e7fd62cfb45eba8479d55b4e67adc5e87cb6be4b8ecf32d182fa417eb
"06_Companion_Lesson_Scripts_and_Decks_UNRECORDED_DO_NOT_PUBLISH/Shared_Strategy_Lessons/CTA_Shared_Multimedia_Deck_08_Pacing,_Decision_Fatigue,_and_Test_Anxiety_v1.0.pptx","CTA_Shared_Multimedia_Deck_08_Pacing,_Decision_Fatigue,_and_Test_Anxiety_v1.0.pptx",Production asset,No recording exists; do not publish or advertise as audio/video,396060,9405168a47c6eaa221eeffd8c6f2385316c59624f5446fa9b251a7bda7ab0f03
06_Companion_Lesson_Scripts_and_Decks_UNRECORDED_DO_NOT_PUBLISH/Shared_Strategy_Lessons/CTA_Shared_Multimedia_Script_01_Welcome_to_the_CTA_Exam_Success_System_v1.0.docx,CTA_Shared_Multimedia_Script_01_Welcome_to_the_CTA_Exam_Success_System_v1.0.docx,Production asset,No recording exists; do not publish or advertise as audio/video,763340,d8e928be354b9a328894c1c78dc01cbfb4896d6ec6ffef1c8becafef302aef99
06_Companion_Lesson_Scripts_and_Decks_UNRECORDED_DO_NOT_PUBLISH/Shared_Strategy_Lessons/CTA_Shared_Multimedia_Script_02_How_to_Use_the_12_Workbooks_and_Question_Banks_v1.0.docx,CTA_Shared_Multimedia_Script_02_How_to_Use_the_12_Workbooks_and_Question_Banks_v1.0.docx,Production asset,No recording exists; do not publish or advertise as audio/video,764823,b22f8c0b9e5ebad322a59515f6048e98398599d74af0c77686d264c84f4c8827
06_Companion_Lesson_Scripts_and_Decks_UNRECORDED_DO_NOT_PUBLISH/Shared_Strategy_Lessons/CTA_Shared_Multimedia_Script_03_FIRST_NEXT_BEST_MOST_Appropriate_Questions_v1.0.docx,CTA_Shared_Multimedia_Script_03_FIRST_NEXT_BEST_MOST_Appropriate_Questions_v1.0.docx,Production asset,No recording exists; do not publish or advertise as audio/video,765603,7405c4cd0ed7183452686abd02c02c7ec41c335c428980029bd3e6771bc7cd83
06_Companion_Lesson_Scripts_and_Decks_UNRECORDED_DO_NOT_PUBLISH/Shared_Strategy_Lessons/CTA_Shared_Multimedia_Script_04_Assessment_Intervention_Evaluation_and_Follow_Up_v1.0.docx,CTA_Shared_Multimedia_Script_04_Assessment_Intervention_Evaluation_and_Follow_Up_v1.0.docx,Production asset,No recording exists; do not publish or advertise as audio/video,765039,ee00399f99fa025c50606951c9e8d119192e082066512493094eccd0af08b703
06_Companion_Lesson_Scripts_and_Decks_UNRECORDED_DO_NOT_PUBLISH/Shared_Strategy_Lessons/CTA_Shared_Multimedia_Script_05_How_to_Eliminate_Plausible_but_Premature_Answers_v1.0.docx,CTA_Shared_Multimedia_Script_05_How_to_Eliminate_Plausible_but_Premature_Answers_v1.0.docx,Production asset,No recording exists; do not publish or advertise as audio/video,764997,6af4dba364228df61ce119fc332d0fef7e3dc4b11cfe0fb933c8eb3a16f755f3
06_Companion_Lesson_Scripts_and_Decks_UNRECORDED_DO_NOT_PUBLISH/Shared_Strategy_Lessons/CTA_Shared_Multimedia_Script_06_How_to_Use_Rationales_and_Build_an_Error_Log_v1.0.docx,CTA_Shared_Multimedia_Script_06_How_to_Use_Rationales_and_Build_an_Error_Log_v1.0.docx,Production asset,No recording exists; do not publish or advertise as audio/video,764999,1443c6f19ced5e4f527d7c81af0bdb06c2e1025cc397c27461824bdd9df75db2
06_Companion_Lesson_Scripts_and_Decks_UNRECORDED_DO_NOT_PUBLISH/Shared_Strategy_Lessons/CTA_Shared_Multimedia_Script_07_How_to_Take_Forms_A_and_B_Under_Simulated_Conditions_v1.0.docx,CTA_Shared_Multimedia_Script_07_How_to_Take_Forms_A_and_B_Under_Simulated_Conditions_v1.0.docx,Production asset,No recording exists; do not publish or advertise as audio/video,764968,8cfda0cfca8e0f4d8d3aed3b27b0b6286a5db33d03f1e4b19f4bbb619215c03e
06_Companion_Lesson_Scripts_and_Decks_UNRECORDED_DO_NOT_PUBLISH/Shared_Strategy_Lessons/CTA_Shared_Multimedia_Script_08_Pacing_Decision_Fatigue_and_Test_Anxiety_v1.0.docx,CTA_Shared_Multimedia_Script_08_Pacing_Decision_Fatigue_and_Test_Anxiety_v1.0.docx,Production asset,No recording exists; do not publish or advertise as audio/video,765029,3f4299da1961a203c39b6b756aaa263a6e452d1e2b06a3a7a31ae9045d3808eb
06_Companion_Lesson_Scripts_and_Decks_UNRECORDED_DO_NOT_PUBLISH/Workbook_Companion_Lessons/CTA_LMFT_Workbook_Companion_Deck_WB01_Exam_Strategy_and_Clinical_Reasoning_v1.0.pptx,CTA_LMFT_Workbook_Companion_Deck_WB01_Exam_Strategy_and_Clinical_Reasoning_v1.0.pptx,Production asset,No recording exists; do not publish or advertise as audio/video,228980,fbf5dac22e7a5b2d30ddcd834920c8207ec9ecdfb797f086bc3860c373b6a41a
06_Companion_Lesson_Scripts_and_Decks_UNRECORDED_DO_NOT_PUBLISH/Workbook_Companion_Lessons/CTA_LMFT_Workbook_Companion_Deck_WB02_Clinical_Engagement_Intake_and_Mental_Status_Assessment_v1.0.pptx,CTA_LMFT_Workbook_Companion_Deck_WB02_Clinical_Engagement_Intake_and_Mental_Status_Assessment_v1.0.pptx,Production asset,No recording exists; do not publish or advertise as audio/video,229853,7daf253645e903f49d3953183e5f5bee09b38ec5d753a7b8edde2c4fed307900
06_Companion_Lesson_Scripts_and_Decks_UNRECORDED_DO_NOT_PUBLISH/Workbook_Companion_Lessons/CTA_LMFT_Workbook_Companion_Deck_WB03_Developmental_Psychosocial_and_Diversity_Assessment_v1.0.pptx,CTA_LMFT_Workbook_Companion_Deck_WB03_Developmental_Psychosocial_and_Diversity_Assessment_v1.0.pptx,Production asset,No recording exists; do not publish or advertise as audio/video,226244,34442cd8b11578ef4424b239849c3ec722446ef369543e992e832f177d9e7660
06_Companion_Lesson_Scripts_and_Decks_UNRECORDED_DO_NOT_PUBLISH/Workbook_Companion_Lessons/CTA_LMFT_Workbook_Companion_Deck_WB04_Relational_Family-System_Trauma_and_Strengths_Assessment_v1.0.pptx,CTA_LMFT_Workbook_Companion_Deck_WB04_Relational_Family-System_Trauma_and_Strengths_Assessment_v1.0.pptx,Production asset,No recording exists; do not publish or advertise as audio/video,232743,02da27cd23740c41a6459a5dad5ffe1d62847218f6ccade202cd1050dbb5467c
06_Companion_Lesson_Scripts_and_Decks_UNRECORDED_DO_NOT_PUBLISH/Workbook_Companion_Lessons/CTA_LMFT_Workbook_Companion_Deck_WB05_Diagnosis_and_Differential_Diagnosis_v1.0.pptx,CTA_LMFT_Workbook_Companion_Deck_WB05_Diagnosis_and_Differential_Diagnosis_v1.0.pptx,Production asset,No recording exists; do not publish or advertise as audio/video,227896,1e028ef91a69d5575bac6f268d61233420bb482fb2809ca1d36deacd1bb4ec0b
06_Companion_Lesson_Scripts_and_Decks_UNRECORDED_DO_NOT_PUBLISH/Workbook_Companion_Lessons/CTA_LMFT_Workbook_Companion_Deck_WB06_Crisis_Abuse_and_Safety_v1.0.pptx,CTA_LMFT_Workbook_Companion_Deck_WB06_Crisis_Abuse_and_Safety_v1.0.pptx,Production asset,No recording exists; do not publish or advertise as audio/video,229987,0fe1b7b2ede910a0c5267278a9ffc57aa37461f92d463ac163bd539c0ec267c4
06_Companion_Lesson_Scripts_and_Decks_UNRECORDED_DO_NOT_PUBLISH/Workbook_Companion_Lessons/CTA_LMFT_Workbook_Companion_Deck_WB07_Planning_Progress_and_Termination_v1.0.pptx,CTA_LMFT_Workbook_Companion_Deck_WB07_Planning_Progress_and_Termination_v1.0.pptx,Production asset,No recording exists; do not publish or advertise as audio/video,233936,83f43125382ddfdbac4612c8a6b1cad397bf0b893dd7495b8a82fed60f4a54fa
06_Companion_Lesson_Scripts_and_Decks_UNRECORDED_DO_NOT_PUBLISH/Workbook_Companion_Lessons/CTA_LMFT_Workbook_Companion_Deck_WB08_Family_Couple_Attachment_and_Relational_Interventions_v1.0.pptx,CTA_LMFT_Workbook_Companion_Deck_WB08_Family_Couple_Attachment_and_Relational_Interventions_v1.0.pptx,Production asset,No recording exists; do not publish or advertise as audio/video,231889,f651eec8d801990a0ee89058a91f157800b008cc0972de9a567bdb05917096de
06_Companion_Lesson_Scripts_and_Decks_UNRECORDED_DO_NOT_PUBLISH/Workbook_Companion_Lessons/CTA_LMFT_Workbook_Companion_Deck_WB09_Trauma_Psychological_Behavioral_and_Recovery_Interventions_v1.0.pptx,CTA_LMFT_Workbook_Companion_Deck_WB09_Trauma_Psychological_Behavioral_and_Recovery_Interventions_v1.0.pptx,Production asset,No recording exists; do not publish or advertise as audio/video,233376,2cdafcb32a3b4a3971a66f9176d83f33c8a64e0db93819d672fdc8f356aeb18d
06_Companion_Lesson_Scripts_and_Decks_UNRECORDED_DO_NOT_PUBLISH/Workbook_Companion_Lessons/CTA_LMFT_Workbook_Companion_Deck_WB10_Developmental_Cultural_and_Contextual_Interventions_v1.0.pptx,CTA_LMFT_Workbook_Companion_Deck_WB10_Developmental_Cultural_and_Contextual_Interventions_v1.0.pptx,Production asset,No recording exists; do not publish or advertise as audio/video,229588,249a7c98eaf0f9591b5a227b0f4c207c88bb6727a1239b9a4e19f837a5299c85
06_Companion_Lesson_Scripts_and_Decks_UNRECORDED_DO_NOT_PUBLISH/Workbook_Companion_Lessons/CTA_LMFT_Workbook_Companion_Deck_WB11_Theory_Groups_Referral_and_Interdisciplinary_Collaboration_v1.0.pptx,CTA_LMFT_Workbook_Companion_Deck_WB11_Theory_Groups_Referral_and_Interdisciplinary_Collaboration_v1.0.pptx,Production asset,No recording exists; do not publish or advertise as audio/video,230412,31c33f4a3d08a9e2617afcb9362613a84ddff2391fb4e8461aa8cbc6a7b431a7
06_Companion_Lesson_Scripts_and_Decks_UNRECORDED_DO_NOT_PUBLISH/Workbook_Companion_Lessons/CTA_LMFT_Workbook_Companion_Deck_WB12_California_Legal_Ethical_and_Professional_Practice_v1.0.pptx,CTA_LMFT_Workbook_Companion_Deck_WB12_California_Legal_Ethical_and_Professional_Practice_v1.0.pptx,Production asset,No recording exists; do not publish or advertise as audio/video,233879,8314461c3368b9bbb6a69d116887fc6b7d9f23364a7d8feac7325ec25cbedab5
06_Companion_Lesson_Scripts_and_Decks_UNRECORDED_DO_NOT_PUBLISH/Workbook_Companion_Lessons/CTA_LMFT_Workbook_Companion_Script_WB01_Exam_Strategy_and_Clinical_Reasoning_v1.0.docx,CTA_LMFT_Workbook_Companion_Script_WB01_Exam_Strategy_and_Clinical_Reasoning_v1.0.docx,Production asset,No recording exists; do not publish or advertise as audio/video,764689,7efc5ba2219d0aa77eb84a0515625bc13c0ddecdef2e7fb3a678d275a377d62e
06_Companion_Lesson_Scripts_and_Decks_UNRECORDED_DO_NOT_PUBLISH/Workbook_Companion_Lessons/CTA_LMFT_Workbook_Companion_Script_WB02_Clinical_Engagement_Intake_and_Mental_Status_Assessment_v1.0.docx,CTA_LMFT_Workbook_Companion_Script_WB02_Clinical_Engagement_Intake_and_Mental_Status_Assessment_v1.0.docx,Production asset,No recording exists; do not publish or advertise as audio/video,764591,e346576818cd61e7f56b2e93cadcb4acb4e154641ceb72961775567fa1ded1d2
06_Companion_Lesson_Scripts_and_Decks_UNRECORDED_DO_NOT_PUBLISH/Workbook_Companion_Lessons/CTA_LMFT_Workbook_Companion_Script_WB03_Developmental_Psychosocial_and_Diversity_Assessment_v1.0.docx,CTA_LMFT_Workbook_Companion_Script_WB03_Developmental_Psychosocial_and_Diversity_Assessment_v1.0.docx,Production asset,No recording exists; do not publish or advertise as audio/video,764389,862cfb2896c6423792a590e306f30ab51bd85b00e7089277dbd3b50a5ec14c8d
06_Companion_Lesson_Scripts_and_Decks_UNRECORDED_DO_NOT_PUBLISH/Workbook_Companion_Lessons/CTA_LMFT_Workbook_Companion_Script_WB04_Relational_Family_System_Trauma_and_Strengths_Assessment_v1.0.docx,CTA_LMFT_Workbook_Companion_Script_WB04_Relational_Family_System_Trauma_and_Strengths_Assessment_v1.0.docx,Production asset,No recording exists; do not publish or advertise as audio/video,764347,074fbaff62523eb14c621731c6875085f9ed7e14e8ac421167f0f700ba1d509f
06_Companion_Lesson_Scripts_and_Decks_UNRECORDED_DO_NOT_PUBLISH/Workbook_Companion_Lessons/CTA_LMFT_Workbook_Companion_Script_WB05_Diagnosis_and_Differential_Diagnosis_v1.0.docx,CTA_LMFT_Workbook_Companion_Script_WB05_Diagnosis_and_Differential_Diagnosis_v1.0.docx,Production asset,No recording exists; do not publish or advertise as audio/video,764540,a6d4200f9491ba3a8e78be8d53330d96e822985169996f61a7cfb289dd125bec
06_Companion_Lesson_Scripts_and_Decks_UNRECORDED_DO_NOT_PUBLISH/Workbook_Companion_Lessons/CTA_LMFT_Workbook_Companion_Script_WB06_Crisis_Abuse_and_Safety_v1.0.docx,CTA_LMFT_Workbook_Companion_Script_WB06_Crisis_Abuse_and_Safety_v1.0.docx,Production asset,No recording exists; do not publish or advertise as audio/video,764302,924df52e47714c7b9de9685f4669d9238762a0408dc648bb9e35b6882072de59
06_Companion_Lesson_Scripts_and_Decks_UNRECORDED_DO_NOT_PUBLISH/Workbook_Companion_Lessons/CTA_LMFT_Workbook_Companion_Script_WB07_Planning_Progress_and_Termination_v1.0.docx,CTA_LMFT_Workbook_Companion_Script_WB07_Planning_Progress_and_Termination_v1.0.docx,Production asset,No recording exists; do not publish or advertise as audio/video,764248,ee82f7282dd748894386b334783bca10deac8d732a2ea43fa4a3b81158c7af0a
06_Companion_Lesson_Scripts_and_Decks_UNRECORDED_DO_NOT_PUBLISH/Workbook_Companion_Lessons/CTA_LMFT_Workbook_Companion_Script_WB08_Family_Couple_Attachment_and_Relational_Interventions_v1.0.docx,CTA_LMFT_Workbook_Companion_Script_WB08_Family_Couple_Attachment_and_Relational_Interventions_v1.0.docx,Production asset,No recording exists; do not publish or advertise as audio/video,764314,4e0f3cd596e95165b8e439b311e6fb78c11fa6618ee35cd3ccd50a46b409f4dd
06_Companion_Lesson_Scripts_and_Decks_UNRECORDED_DO_NOT_PUBLISH/Workbook_Companion_Lessons/CTA_LMFT_Workbook_Companion_Script_WB09_Trauma_Psychological_Behavioral_and_Recovery_Interventions_v1.0.docx,CTA_LMFT_Workbook_Companion_Script_WB09_Trauma_Psychological_Behavioral_and_Recovery_Interventions_v1.0.docx,Production asset,No recording exists; do not publish or advertise as audio/video,764339,f4f8d744367bf54f64751a933945c4057e8355c9824020415b04377e23b7d653
06_Companion_Lesson_Scripts_and_Decks_UNRECORDED_DO_NOT_PUBLISH/Workbook_Companion_Lessons/CTA_LMFT_Workbook_Companion_Script_WB10_Developmental_Cultural_and_Contextual_Interventions_v1.0.docx,CTA_LMFT_Workbook_Companion_Script_WB10_Developmental_Cultural_and_Contextual_Interventions_v1.0.docx,Production asset,No recording exists; do not publish or advertise as audio/video,764229,61752d87bdc93e353314bc0989169c29e0e95f9f9c72ef99065f4cf8911604ec
06_Companion_Lesson_Scripts_and_Decks_UNRECORDED_DO_NOT_PUBLISH/Workbook_Companion_Lessons/CTA_LMFT_Workbook_Companion_Script_WB11_Theory_Groups_Referral_and_Interdisciplinary_Collaboration_v1.0.docx,CTA_LMFT_Workbook_Companion_Script_WB11_Theory_Groups_Referral_and_Interdisciplinary_Collaboration_v1.0.docx,Production asset,No recording exists; do not publish or advertise as audio/video,764332,59a9a11d73e5f103661fae25f59909239deb0c68c7d23ebf9a1555ddf97fcd84
06_Companion_Lesson_Scripts_and_Decks_UNRECORDED_DO_NOT_PUBLISH/Workbook_Companion_Lessons/CTA_LMFT_Workbook_Companion_Script_WB12_California_Legal_Ethical_and_Professional_Practice_v1.0.docx,CTA_LMFT_Workbook_Companion_Script_WB12_California_Legal_Ethical_and_Professional_Practice_v1.0.docx,Production asset,No recording exists; do not publish or advertise as audio/video,764623,5c4d149dac9e6012d6b802d768b9169c168830b0e9b5bd8dbe3eb49a1f22216d
07_Website_and_LMS_Implementation/Brand_Assets/CTA_Stacked_Logo.png,CTA_Stacked_Logo.png,Implementation,Approved CTA brand asset,249878,26ea1774a1b7a4a1b1cfee5abc0c87034125421ce2b7486ae1f4094a5cd9d375
07_Website_and_LMS_Implementation/Brand_Assets/Primary Horizontal Logo.png,Primary Horizontal Logo.png,Implementation,Approved CTA brand asset,149246,fa52a65d81cdfb74ef2ae86cc680561e0735c7f67f5501e27ffc7eebbf4f4b18
07_Website_and_LMS_Implementation/CTA_LMFT_California_Clinical_David_Website_Release_Manifest_v1.0.xlsx,CTA_LMFT_California_Clinical_David_Website_Release_Manifest_v1.0.xlsx,Implementation,Use for product configuration and release tracking,15698,a0ba80bef47def8f65149a0fcf78fec3cde0e2ae6aabd7d55a831b098ab16be5
07_Website_and_LMS_Implementation/CTA_LMFT_California_Clinical_David_Website_Release_Package_v1.0.docx,CTA_LMFT_California_Clinical_David_Website_Release_Package_v1.0.docx,Implementation,Use for website copy and LMS configuration,132733,d4a18e2872a8f762f9cce124b3e751aa15c8688a4cfcd91652d636a44c7e8ac3
90_Admin_Restricted/Delivery_Plans/CTA_LMFT_LCSW_Self_Paced_Online_Downloadable_and_Multimedia_Delivery_Plan_v1.0.docx,CTA_LMFT_LCSW_Self_Paced_Online_Downloadable_and_Multimedia_Delivery_Plan_v1.0.docx,Administrative,Restricted; multimedia phases are future production,773560,bac40365294837917a49728834588ff8812bad876503663d68796b0de32301c8
90_Admin_Restricted/Program_Control/CTA_Exam_Prep_Workbook_Global_Revision_and_Production_Standard_v1.0.docx,CTA_Exam_Prep_Workbook_Global_Revision_and_Production_Standard_v1.0.docx,Administrative,Restricted production standard,765615,1ef439dd0547cfb5ed30b19f4b473f016c0a1256d02edb713f86819c8a861045
90_Admin_Restricted/Program_Control/CTA_LMFT_LCSW_Question_Bank_and_Comprehensive_Exam_Production_Standard_v1.1.docx,CTA_LMFT_LCSW_Question_Bank_and_Comprehensive_Exam_Production_Standard_v1.1.docx,Administrative,Restricted current production standard,44004,308e1ea97098450d92aee621d7c4984d43c253231ad40fc8fe19146dd5eb6d62
90_Admin_Restricted/Program_Control/CTA_LMFT_LCSW_Shared_Content_Dual_Development_Crosswalk_v1.3.xlsx,CTA_LMFT_LCSW_Shared_Content_Dual_Development_Crosswalk_v1.3.xlsx,Administrative,Restricted current shared-content crosswalk,37524,8c0f8ff7a8a187b91ba4ada13913b273d35876833d63fe8589b34dc5933f4f73
90_Admin_Restricted/Program_Control/CTA_LMFT_Master_Program_Index_and_Final_Release_Audit_v1.0.docx,CTA_LMFT_Master_Program_Index_and_Final_Release_Audit_v1.0.docx,Administrative,Restricted; controls LMS assembly and release,766478,812b697687ff390e19bbedac27e92f1d3bd64145dc3323ca34f4ba58fdf1b548
90_Admin_Restricted/Quality_Control/CTA_LMFT_LCSW_24_Workbook_QC_Audit_Matrix_v1.0.xlsx,CTA_LMFT_LCSW_24_Workbook_QC_Audit_Matrix_v1.0.xlsx,Administrative,Restricted quality-control record,27792,2f905bd16866b1d98061b94ffc0920b3438198c59d86ee432db4bc089698ebe1
90_Admin_Restricted/Question_Bank_and_Simulation_Controls/Form_A/CTA_LMFT_Comprehensive_Simulation_Form_A_Administrative_Master_Item_Bank_and_Use_Log_v1.0.docx,CTA_LMFT_Comprehensive_Simulation_Form_A_Administrative_Master_Item_Bank_and_Use_Log_v1.0.docx,Administrative,Never publish to students,65111,933562d43b5b76460b6f0cea8d113bab8b39f9df0ad732ba02ee73e8e60dacc7
90_Admin_Restricted/Question_Bank_and_Simulation_Controls/Form_A/CTA_LMFT_Comprehensive_Simulation_Form_A_Blueprint_and_QC_Report_v1.0.docx,CTA_LMFT_Comprehensive_Simulation_Form_A_Blueprint_and_QC_Report_v1.0.docx,Administrative,Never publish to students,41285,bdb4324bdb9ba650abf806c6712bc557bb0027d9b58528651b5ed7ed6e6ded47
90_Admin_Restricted/Question_Bank_and_Simulation_Controls/Form_A/CTA_LMFT_Comprehensive_Simulation_Form_A_Production_Blueprint_v1.0.docx,CTA_LMFT_Comprehensive_Simulation_Form_A_Production_Blueprint_v1.0.docx,Administrative,Never publish to students,42957,6784d63157d4e9d892e8606093710e94fe334a930d25e057185c91b970863ae8
90_Admin_Restricted/Question_Bank_and_Simulation_Controls/Form_B/CTA_LMFT_Comprehensive_Simulation_Form_B_Administrative_Master_Item_Bank_and_Use_Log_v1.0.docx,CTA_LMFT_Comprehensive_Simulation_Form_B_Administrative_Master_Item_Bank_and_Use_Log_v1.0.docx,Administrative,Never publish to students,66649,e75636f83a1017b9bd859c90c140a6a41aaa35afab695f89a070f4e094296c18
90_Admin_Restricted/Question_Bank_and_Simulation_Controls/Form_B/CTA_LMFT_Comprehensive_Simulation_Form_B_Blueprint_and_QC_Report_v1.0.docx,CTA_LMFT_Comprehensive_Simulation_Form_B_Blueprint_and_QC_Report_v1.0.docx,Administrative,Never publish to students,41281,85c6c00930d8ca5d4ede894550365627752d08eb268db4ab4a2b53e3645585db
90_Admin_Restricted/Question_Bank_and_Simulation_Controls/Master_Inventory/CTA_LMFT_Master_Question_Bank_Inventory_v1.0.xlsx,CTA_LMFT_Master_Question_Bank_Inventory_v1.0.xlsx,Administrative,Never publish to students,413531,37f72f5ecd60eeae2eac67bf7a8d6d7a96e5ecad2c27df9df85b5f303a6c9a6d
90_Admin_Restricted/Source_References/BBS Pearson Exam Handbook.pdf,BBS Pearson Exam Handbook.pdf,Administrative reference,Not student course content; verify current official source before updates,6184472,474562ed3394c8109fed3405c24451dc0975b9592a302bb56ba94f5246eb335a
90_Admin_Restricted/Source_References/LMFT Clinical Exam Outline.pdf,LMFT Clinical Exam Outline.pdf,Administrative reference,Not student course content; verify current official source before updates,270465,6254ccfe08e4f25f1e06ccd5c7c47e1cee0227dfad569d6de3534021ab461320
90_Admin_Restricted/Source_References/LMFT Clinical Exam.pdf,LMFT Clinical Exam.pdf,Administrative reference,Not student course content; verify current official source before updates,60645,8cfe4b295556dd2e3a31f84197b2158e9477bfff36004e08b4b5d811781bc14c
99_Archive_Superseded_Do_Not_Publish/Historical_Audits_and_Crosswalks/CTA_LMFT_LCSW_24_Workbook_Master_QC_Audit_Report_v1.0.docx,CTA_LMFT_LCSW_24_Workbook_Master_QC_Audit_Report_v1.0.docx,Archive,Historical; later final audit/crosswalk controls,1047302,4a38ee6ec188b723c23cdaf43eb7b679004e83f1c64981f606605fd313c00ec2
99_Archive_Superseded_Do_Not_Publish/Historical_Audits_and_Crosswalks/CTA_LMFT_LCSW_Shared_Content_Dual_Development_Crosswalk_v1.2.xlsx,CTA_LMFT_LCSW_Shared_Content_Dual_Development_Crosswalk_v1.2.xlsx,Archive,Historical; later final audit/crosswalk controls,34951,10021d44aefbef39a183b0cef0314e4640507a5106fe0953712c5e8fbb71ff63
99_Archive_Superseded_Do_Not_Publish/Legacy_Exam_Materials/CTA_LMFT_WB1_Practice_Exam_Answer_Key_and_Detailed_Rationales_v1.0.docx,CTA_LMFT_WB1_Practice_Exam_Answer_Key_and_Detailed_Rationales_v1.0.docx,Archive,Superseded by approved 17-question bank structure,312727,0e912f8a2e5f2f52e4aa2c40c7ef74e091a165468aa4f0e196b571a0b44b1a00
99_Archive_Superseded_Do_Not_Publish/Legacy_Exam_Materials/EXAM PREP.docx,EXAM PREP.docx,Archive,Superseded or legacy; do not publish,25137,3260376bb283530f55ccd9e35d73c3ed9f5a251025f413c01ac8f5e0523ecb91
99_Archive_Superseded_Do_Not_Publish/Legacy_Exam_Materials/Exam Prep System.docx,Exam Prep System.docx,Archive,Superseded or legacy; do not publish,24009,b811c87f16a64b3186291553b55c4a1dfa3483fd19b98957a0782eaaa70e5267
99_Archive_Superseded_Do_Not_Publish/Legacy_Exam_Materials/Full-Length Mock Exam 1 (Review & Explanations).docx,Full-Length Mock Exam 1 (Review & Explanations).docx,Archive,Superseded or legacy; do not publish,51856,9a4b6ca68a2b4c1716867ebdb57617cd252027cafec0ad994fecd5e606d795b7
99_Archive_Superseded_Do_Not_Publish/Legacy_Exam_Materials/Full-Length Mock Exam 1 (Timed).docx,Full-Length Mock Exam 1 (Timed).docx,Archive,Superseded or legacy; do not publish,46280,3b27e98befca0fa042bf7d036f7b53f58ac32c70c94731a0d58010d520181407
99_Archive_Superseded_Do_Not_Publish/Legacy_Exam_Materials/Full-Length Mock Exam 2.docx,Full-Length Mock Exam 2.docx,Archive,Superseded or legacy; do not publish,38841,540061a6e07fb778da8f2152afdb460a1019b62675a88ae3b5592023df72c805
99_Archive_Superseded_Do_Not_Publish/Legacy_Exam_Materials/Half-Length Mock Exam 1 (Timed).docx,Half-Length Mock Exam 1 (Timed).docx,Archive,Superseded or legacy; do not publish,24497,ed9845a3ba49c0cc7c959db6e6e75069bcb086133469dc6d08592660cbe4cdc5
99_Archive_Superseded_Do_Not_Publish/Legacy_Exam_Materials/Half-Length Mock Exam 1 — Answer Explanations.docx,Half-Length Mock Exam 1 — Answer Explanations.docx,Archive,Superseded or legacy; do not publish,26642,f02ad3b5359508c7c32453707adf396200be4cc1faa831db5911de54bff89e67
99_Archive_Superseded_Do_Not_Publish/Legacy_Exam_Materials/Half-Length Mock Exam 2.docx,Half-Length Mock Exam 2.docx,Archive,Superseded or legacy; do not publish,24940,776eec173b41a0e191139f60bb4b44f720e57015e44751a7a43bfd085c6b9b25
99_Archive_Superseded_Do_Not_Publish/Legacy_Exam_Materials/LMFT Exam Prep Program.docx,LMFT Exam Prep Program.docx,Archive,Superseded or legacy; do not publish,22077,54639f62d0027a018bfe5e030f3479e4da65b3d2019d644de7487243cb573a37
99_Archive_Superseded_Do_Not_Publish/Legacy_Exam_Materials/LMFT_Full_Length_Mock_Exam_1_Fillable_Score_Sheet.pdf,LMFT_Full_Length_Mock_Exam_1_Fillable_Score_Sheet.pdf,Archive,Superseded or legacy; do not publish,255733,944615780475b489ec75d442a1616e062c750c4ea90865e2e841d6ed682f15cb
99_Archive_Superseded_Do_Not_Publish/README_DO_NOT_PUBLISH.txt,README_DO_NOT_PUBLISH.txt,Archive,Do not publish,351,737a5ae46e60fb5ed1e2dcc98c604c7a096d1f4cb55f87004d89bf137d7628f5
99_Archive_Superseded_Do_Not_Publish/Superseded_Question_Bank_Development/CTA_LMFT_Clinical_Master_Question_Bank_Template_v1.0.docx,CTA_LMFT_Clinical_Master_Question_Bank_Template_v1.0.docx,Archive,Superseded or internal draft; do not publish,296034,c65c8b1281e4c57424f2e42074456ff56519cf410148533979763c7cba390f10
99_Archive_Superseded_Do_Not_Publish/Superseded_Question_Bank_Development/CTA_LMFT_LCSW_Master_Question_Bank_and_Practice_Exam_Production_Standard_v1.0.docx,CTA_LMFT_LCSW_Master_Question_Bank_and_Practice_Exam_Production_Standard_v1.0.docx,Archive,Superseded or internal draft; do not publish,298957,d0097871a7108879ddcea2ef8f43ee28aea7553f01de77da1d4030a72e07fb83
99_Archive_Superseded_Do_Not_Publish/Superseded_Question_Bank_Development/CTA_LMFT_WB1_Populated_Master_Question_Bank_v1.0.docx,CTA_LMFT_WB1_Populated_Master_Question_Bank_v1.0.docx,Archive,Superseded or internal draft; do not publish,332829,5f810459aaefb336757b17188c07e69e609917fcd1cfedbe8b654ab6f7ba88a6
99_Archive_Superseded_Do_Not_Publish/Superseded_Question_Bank_Development/CTA_LMFT_WB2_Populated_Master_Question_Bank_v1.0.docx,CTA_LMFT_WB2_Populated_Master_Question_Bank_v1.0.docx,Archive,Superseded or internal draft; do not publish,330047,7491ba2522ee10ade68592cf523e0dcc784d982661e3482fbf9cb488a8e63ae3
